video_id,concept_id
104051118,properties-of-geometric-figures
104051119,properties-of-geometric-figures
104051120,sum-of-interior-angles-more-than-3-sides
104051121,sum-of-interior-angles-more-than-3-sides
104051088,point-plotting
104051089,transformations-rotations
104051090,transformations-rotations
104051091,point-plotting
104051092,point-plotting
104051074,reading-graph
104051204,area
104051205,area
104051206,perimeter
104051207,perimeter
104051182,area
104051183,area
104051184,perimeter
104051185,area
104051186,area
104051093,square-root
104051094,square-root
104051095,square-root
104051096,square-root
104051097,square-root
104051098,square-root
104051099,square-root
104051100,square-root
104051101,square-root
104051122,isosceles-triangle
104051125,isosceles-triangle
104051126,application: isosceles triangle
104051113,multiplying-decimals
104051215,area
104051216,proportion
104051217,perimeter
104051218,area
104051231,area
104051232,pythagorean-theorem
104051233,area
104051077,interpreting-linear-equations
104051078,interpreting-linear-equations
104051079,interpreting-linear-equations
104051080,interpreting-linear-equations
104051081,interpreting-linear-equations
104051082,interpreting-linear-equations
104051160,multiplying-decimals
104051066,square-root
104051190,pattern-finding
104051174,proportion
104051175,proportion
104051176,proportion
104050673,application: compare points
104050674,application: multi-column subtraction
104050675,application: multi-column subtraction
104050676,application: simple multiplication
104050667,application: compare expressions
104050668,application: order of operations
104050677,application: multi-column addition
104050672,application: compare points
104050662,noskill
104050665,application: read points
104050663,application: find slope in graph
104050664,application: read points
104050669,application: order of operations
104050670,application: order of operations
104050666,p-patterns-relations-algebra
104050671,application: compare points
104051177,pythagorean-theorem
104051178,pythagorean-theorem
104051179,pythagorean-theorem
104051180,pythagorean-theorem
104051135,percent-of
104051136,venn-diagram
104051137,venn-diagram
104051138,percent-of
104051107,equivalent-fractions-decimals-percents
104051108,of-means-multiply
104051109,equivalent-fractions-decimals-percents
104051110,fraction-multiplication
104051111,equivalent-fractions-decimals-percents
104051259,supplementary-angles
104051260,supplementary-angles
104051261,transversals
104051212,triangle-inequality
104051213,triangle-inequality
104051214,triangle-inequality
104051127,multiplication
104051061,point-plotting
104051144,equation-solving
104051201,discount
104051202,discount
104051203,discount
104051237,sum-of-interior-angles-triangle
104051166,square-root
104051167,square-root
104051168,square-root
104051169,square-root
104051170,square-root
104051171,square-root
104051172,square-root
104051173,square-root
104051225,properties-of-geometric-figures
104051226,properties-of-geometric-figures
104051227,properties-of-geometric-figures
104051244,inducing-functions
104051154,multiplying-decimals
104050960,multiplication
104050965,multiplication
104050968,subtraction
104050969,subtraction
104050955,addition
104050962,multiplication
104050958,division
104050954,addition
104050961,multiplication
104050956,divide-decimals
104050970,subtraction
104050964,multiplication
104050959,multiplication
104050966,multiplication
104050957,division
104050963,multiplication
104050953,addition
104050967,multiplication
104051321,making-sense-of-expressions-and-equations
104051284,division
104051345,ordering-numbers
104051375,subtraction
104051274,multiplication
104051353,addition
104051435,fraction-division
104051436,fraction-division
104051281,multiplication
104051270,subtraction
104051267,evaluating-functions
104051268,evaluating-functions
104051269,evaluating-functions
104051340,addition
104051341,addition
104051342,addition
104051343,subtraction
104051344,addition
104051372,addition
104051327,multiplication
104051302,substitution
104051333,ordering-numbers
104051336,multiplication
104051337,multiplication
104051338,multiplication
104051339,multiplication
104051368,point-plotting
104051305,substitution
104051360,point-plotting
104051356,ordering-numbers
104051432,algebraic-manipulation
104051433,algebraic-manipulation
104051434,algebraic-manipulation
104051301,number-line
104051048,multiplication
104051049,substitution
104051050,multiplication
104051051,substitution
104051052,multiplication
104051278,division
104051308,substitution
104051297,multiplication
104051330,multiplication
104051331,multiplication
104051032,evaluating-functions
104051033,evaluating-functions
104051034,evaluating-functions
104051035,evaluating-functions
104051036,evaluating-functions
104051037,evaluating-functions
104051324,making-sense-of-expressions-and-equations
104051413,pattern-finding
104051312,substitution
104051315,substitution
104051288,subtraction
104051289,addition
104051425,algebraic-manipulation
104051318,substitution
104051364,point-plotting
104050977,exponents
104051408,substitution
104051293,addition
104051294,addition
104051295,addition
104051296,addition
104051287,division
104050983,exponents
104050645,comparing-fractions
104050640,fraction-multiplication
104050526,fraction-division
104050527,fraction-division
104050539,scientific-notation
104050540,scientific-notation
104050541,scientific-notation
104050542,scientific-notation
104050517,order-of-operations
104050437,percent-of
104050550,discount
104050536,discount
104050482,reciprocal
104050483,reciprocal
104050484,reciprocal
104050479,finding-percents
104050456,scientific-notation
104050559,multiplication
104050452,subtracting-decimals
104050463,square-root
104050531,discount
104050429,integers
104050513,fraction-multiplication
104050514,fraction-multiplication
104050515,fraction-multiplication
104050516,n-number-sense-operations
104050414,multiplying-decimals
104050470,exponents
104050632,probability
104050635,pattern-finding
104050628,equivalent-fractions-decimals-percents
104050637,probability
104050622,equation-solving
104050647,supplementary-angles
104050646,equation-solving
104050639,area
104050629,combinatorics
104050633,symbolization-articulation
104050643,mean
104050618,addition
104050636,pattern-finding
104050644,sum-of-interior-angles-more-than-3-sides
104050625,meaning-of-pi
104050623,interpreting-numberline
104050630,discount
104050648,equation-solving
104050626,probability
104050624,graph-shape
104050634,linear-area-volume-conversion
104050823,probability
104050824,probability
104050825,probability
104050826,probability
104050827,probability
104050772,equivalent-fractions-decimals-percents
104050773,probability
104050774,probability
104050775,probability
104050801,combinatorics
104050802,combinatorics
104050803,combinatorics
104050804,combinatorics
104050735,probability
104050744,probability
104050812,probability
104050835,probability
104050789,probability
104050763,probability
104050753,probability
104050201,interpreting-numberline
104050357,equation-solving
104050222,inequality-solving
104050223,inequality-solving
104050224,inequality-solving
104050225,inequality-solving
104050226,inequality-solving
104050227,interpreting-numberline
104050228,interpreting-numberline
104050197,interpreting-numberline
104050211,interpreting-numberline
104050215,inequality-solving
104050373,equation-solving
104050349,fractions
104050350,number-line
104050351,number-line
104050352,number-line
104050353,number-line
104050354,number-line
104050355,number-line
104050356,fractions
104050369,inequality-solving
104050370,inequality-solving
104050371,inequality-solving
104050372,inequality-solving
104050614,addition
104050383,inducing-functions
104050384,inducing-functions
104050385,inducing-functions
104050386,inducing-functions
104050449,making-sense-of-expressions-and-equations
104050504,square-root
104050569,square-root
104050459,multiplying-decimals
104050426,equivalent-fractions-decimals-percents
104050387,subtracting-decimals
104050606,interpreting-numberline
104050554,discount
104050555,percent-of
104050556,percent-of
104050557,percent-of
104050445,making-sense-of-expressions-and-equations
104050423,equivalent-fractions-decimals-percents
104050380,percents
104050609,equation-solving
104050725,multiplying-decimals
104051053,evaluating-functions
104051054,multiplication
104051055,unit-conversion
104051056,evaluating-functions
104050941,equation-solving
104050942,equation-solving
104050974,equation-solving
104050975,equation-solving
104051057,evaluating-functions
104051058,multiplication
104051059,unit-conversion
104051060,evaluating-functions
104050721,inducing-functions
104050685,fractions
104050686,reading-graph
104050690,fractions
104050691,reading-graph
104050692,reading-graph
104050693,reading-graph
104050694,fractions
104050695,reading-graph
104050696,reading-graph
104050697,reading-graph
104050687,fractions
104050688,reading-graph
104050689,reading-graph
104050728,discount
104050729,percent-of
104050730,percent-of
104050731,discount
104050732,discount
104050943,linear-area-volume-conversion
104050944,linear-area-volume-conversion
104051405,equation-solving
104051406,equation-solving
104051407,equation-solving
104050997,equation-solving
104050998,equation-solving
104050999,equation-solving
104050705,inducing-functions
104050724,inducing-functions
104050973,equation-solving
104051044,equation-concept
104051045,equation-concept
104051046,equation-concept
104051047,equation-concept
104050698,subtraction
104050699,subtraction
104050700,symbolization-articulation
104050701,subtraction
104050702,symbolization-articulation
104050703,symbolization-articulation
104050704,symbolization-articulation
104050945,symbolization-articulation
104050946,symbolization-articulation
104050971,reciprocal
104050972,reciprocal
104050947,pattern-finding
104050948,pattern-finding
104050949,pattern-finding
104050950,pattern-finding
104050951,pattern-finding
104050952,pattern-finding
104050001,algebraic-manipulation
104050255,symbolization-articulation
104050296,sum-of-interior-angles-more-than-3-sides
104050339,algebraic-manipulation
104050340,algebraic-manipulation
104050341,algebraic-manipulation
104050342,algebraic-manipulation
104050284,symbolization-articulation
9104050284,symbolization-articulation
104050286,symbolization-articulation
104050287,symbolization-articulation
104050288,symbolization-articulation
104050344,symbolization-articulation
104050345,symbolization-articulation
104050346,symbolization-articulation
104050347,symbolization-articulation
104050348,symbolization-articulation
104050325,order-of-operations
104050326,substitution
104050327,substitution
104050328,substitution
104050334,equation-concept
104050319,order-of-operations
104050315,symbolization-articulation
104050273,area
9104050273,area
104050274,unit-conversion
104050275,unit-conversion
104050276,area
104050277,area
104050278,rate
104050251,symbolization-articulation
104050252,symbolization-articulation
104050253,symbolization-articulation
104050254,symbolization-articulation
104050300,sum-of-interior-angles-more-than-3-sides
104050260,symbolization-articulation
104050917,mean
104050918,mean
104050919,mean
104050920,mean
104050921,mean
104050922,mean
104050923,mean
104050880,probability
104050881,mean
104050882,mean
104050883,proportion
104050884,multiplication
104050893,median
104050894,mean
104050895,mean
104050896,median
104050897,median
104050898,ordering-numbers
104050899,mean
104050900,median
104050908,reading-graph
104050909,reading-graph
104050910,reading-graph
104050911,reading-graph
104050912,reading-graph
104050930,mode
104050850,median
104050852,mean
104050853,median
104050870,mean
104050901,mean
104050902,mean
104050903,mean
104050904,mean
104050905,mean
104050906,mean
104050907,mean
104050929,statistics
104050399,graph-shape
104050441,graph-shape
104050575,median
104050434,area
104050435,area
104050436,graph-shape
104050474,interpreting-numberline
104050478,circle-graph
104050495,reading-graph
104050496,point-plotting
104050497,point-plotting
104050498,point-plotting
104050499,reading-graph
104050564,reading-graph
104050391,graph-shape
104050392,graph-shape
104050393,graph-shape
104050394,graph-shape
104050395,graph-shape
104050490,n-number-sense-operations
104050509,circle-graph
104050396,graph-shape
104050410,reading-graph
104050411,reading-graph
104050412,reading-graph
104050413,reading-graph
104050405,graph-shape
104050485,multiplication
104050657,equivalent-fractions-decimals-percents
104050655,multiplying-decimals
104050652,probability
104050660,subtracting-decimals
104050659,pattern-finding
104050661,multiplying-decimals
104050654,scientific-notation
104050650,equation-solving
104050658,n-number-sense-operations
104050653,linear-area-volume-conversion
104050651,p-patterns-relations-algebra
104050649,reading-graph
104050656,percents
104051140,equation-solving
104051141,percents
104051142,percents
104051143,equation-solving
104051123,supplementary-angles
104051124,transversals
104051197,discount
104051198,discount
104051199,discount
104051200,discount
104051249,pattern-finding
104050500,order-of-operations
104050501,order-of-operations
104050502,order-of-operations
104051250,pattern-finding
104051251,pattern-finding
104051252,pattern-finding
104051253,pattern-finding
104051254,pattern-finding
104051263,equation-solving
104051083,point-plotting
104051084,transformations-rotations
104051085,transformations-rotations
104051086,point-plotting
104051087,point-plotting
104051262,supplementary-angles
104051208,reading-graph
104051209,reading-graph
104051210,reading-graph
104051211,reading-graph
104051148,multiplying-decimals
104051149,multiplying-decimals
104051150,multiplying-decimals
104051151,multiplying-decimals
104051153,multiplying-decimals
104051132,supplementary-angles
104051133,transversals
104051134,supplementary-angles
104051181,pythagorean-theorem
104051428,sum-of-interior-angles-more-than-3-sides
104051114,multiplying-decimals
104051115,multiplying-decimals
104051116,multiplying-decimals
104051117,multiplying-decimals
104051400,congruence
104051401,congruence
104051402,perimeter
104051403,equation-solving
104051404,congruence
104051219,properties-of-geometric-figures
104051220,properties-of-geometric-figures
104051221,properties-of-geometric-figures
104051222,properties-of-geometric-figures
104051223,properties-of-geometric-figures
104051224,properties-of-geometric-figures
104051155,multiplying-decimals
104051156,multiplying-decimals
104051157,multiplying-decimals
104051158,multiplying-decimals
104051159,multiplying-decimals
104051102,equivalent-fractions-decimals-percents
104051103,of-means-multiply
104051104,equivalent-fractions-decimals-percents
104051105,fraction-multiplication
104051106,equivalent-fractions-decimals-percents
104051241,sum-of-interior-angles-triangle
104051242,supplementary-angles
104051243,sum-of-interior-angles-triangle
104051187,area
104051188,perimeter
104051189,area
104051234,sum-of-interior-angles-triangle
104051191,pattern-finding
104051192,pattern-finding
104051193,pattern-finding
104051194,pattern-finding
104051195,pattern-finding
104051196,pattern-finding
104050978,order-of-operations
104050979,exponents
104050980,order-of-operations
104050981,multiplication
104050982,order-of-operations
104051325,subtraction
104051354,addition
104051355,addition
104051414,pattern-finding
104051415,pattern-finding
104051416,pattern-finding
104051417,pattern-finding
104051271,subtraction
104051322,subtraction
104051323,making-sense-of-expressions-and-equations
104050438,percent-of
104050439,percent-of
104050440,percent-of
104050537,percent-of
104050538,percent-of
104050523,algebraic-manipulation
104050464,square-root
104050465,square-root
104050466,square-root
104050468,square-root
104050453,subtracting-decimals
104051437,noskill
104051440,noskill
104050762,probability
104050752,probability
104050794,probability
104050800,combinatorics
104050734,probability
104050743,probability
104050771,equivalent-fractions-decimals-percents
104050811,probability
104050834,probability
104050733,probability
104050822,probability
104050836,least-common-multiple
104050837,least-common-multiple
104050838,least-common-multiple
104050745,probability
104050746,probability
104050931,mode
104050932,reading-graph
104050933,reading-graph
104050934,mode
104050872,mean
104050873,mean
104050874,mean
9104050744,probability
104050747,probability
104050780,probability
9104050772,equivalent-fractions-decimals-percents
104050805,combinatorics
104050764,probability
104050765,probability
104050766,probability
104050543,proportion
104051418,proportion
104050854,linear-area-volume-conversion
104050855,linear-area-volume-conversion
104050856,linear-area-volume-conversion
104050857,linear-area-volume-conversion
104050858,linear-area-volume-conversion
104050859,linear-area-volume-conversion
104050888,fraction-decimals-percents
104050875,scientific-notation
104050935,median
104050570,square-root
104050571,square-root
104050610,equation-solving
104050233,interpreting-numberline
9104050233,interpreting-numberline
104050235,inequality-solving
104050236,inequality-solving
104050237,interpreting-numberline
104050238,inequality-solving
104050239,inequality-solving
104050240,inequality-solving
104050913,fraction-division
104050914,fraction-division
104050915,fraction-division
104050916,fraction-division
104050924,finding-percents
104050925,finding-percents
104050926,finding-percents
104050927,finding-percents
104050928,finding-percents
104050885,venn-diagram
104050886,venn-diagram
104050887,venn-diagram
104050011,inducing-functions
104050012,inducing-functions
104051020,graph-shape
104051145,percents
104051146,percents
104051147,equation-solving
104051075,reading-graph
104051076,reading-graph
104051067,square-root
104051068,square-root
104051069,square-root
104051070,square-root
104051071,square-root
104051072,square-root
104051073,square-root
104051235,supplementary-angles
104050984,order-of-operations
104050985,exponents
104050986,order-of-operations
104050987,multiplication
104050988,order-of-operations
104051309,substitution
104051310,substitution
104051311,substitution
104051426,algebraic-manipulation
104051275,multiplication
104051276,multiplication
104051277,multiplication
104051376,subtraction
104051377,subtraction
104051378,subtraction
104051379,subtraction
104051444,noskill
104051397,noskill
104051285,division
104051286,division
104051272,subtraction
104051273,subtraction
9104051413,pattern-finding
9104050835,probability
104051429,properties-of-geometric-figures
9104050823,probability
104051430,sum-of-interior-angles-more-than-3-sides
104051431,sum-of-interior-angles-more-than-3-sides
104051245,inducing-functions
104051246,inducing-functions
104051247,inducing-functions
104051248,inducing-functions
104051238,supplementary-angles
104051239,sum-of-interior-angles-triangle
104051240,sum-of-interior-angles-triangle
104051228,properties-of-geometric-figures
104051229,properties-of-geometric-figures
104051230,properties-of-geometric-figures
104051062,point-plotting
104051063,point-plotting
104051064,point-plotting
104051065,reading-graph
104050776,equivalent-fractions-decimals-percents
104050807,combinatorics
104050808,combinatorics
104050809,combinatorics
104050817,probability
104050818,probability
104050819,probability
104050820,probability
104050759,probability
104050760,probability
104050761,probability
104050839,least-common-multiple
104050840,least-common-multiple
104050841,least-common-multiple
104050842,least-common-multiple
104050748,probability
104050785,probability
104050739,probability
104050740,probability
104050741,probability
104050742,probability
104050829,probability
104050795,probability
104050796,probability
104050797,probability
104050798,probability
104050799,probability
104050767,probability
104050754,probability
104050755,probability
104050756,probability
104050781,probability
104050782,probability
104050784,probability
104050471,multiplying-positive-negative-numbers
104050472,exponents
104050473,exponents
104050722,proportion
104050706,inducing-functions
104050551,percent-of
104050552,percent-of
104050553,percent-of
104050480,finding-percents
104050481,finding-percents
104050524,algebraic-manipulation
104050525,algebraic-manipulation
104050607,square-root
104050608,interpreting-numberline
104050615,subtraction
104050616,subtraction
104050617,addition
104050427,equivalent-fractions-decimals-percents
104050428,equivalent-fractions-decimals-percents
104050382,percents
104050381,percents
104050505,square-root
104050506,square-root
104050507,square-root
104050508,square-root
104050611,equation-solving
104050612,equation-solving
104050450,making-sense-of-expressions-and-equations
104050451,making-sense-of-expressions-and-equations
104051421,proportion
104051422,proportion
104051423,proportion
104051424,proportion
104050546,proportion
104050547,proportion
104050548,proportion
104050549,proportion
104050378,number-line
104050196,inequalities
104050195,graph interpretation
104050194,algebra symbolization
104050379,equation-solving
104050205,interpreting-numberline
104050208,interpreting-numberline
104050234,interpreting-numberline
104050241,interpreting-numberline
104050362,equation-solving
104050363,equation-solving
104050364,equation-solving
104050365,equation-solving
104050366,equation-solving
104050367,equation-solving
104050368,equation-solving
104050242,inequality-solving
104050212,interpreting-numberline
104050213,interpreting-numberline
104050214,interpreting-numberline
104050374,equation-solving
104050375,equation-solving
104050376,equation-solving
104050377,equation-solving
104050216,inequality-solving
104050217,inequality-solving
104050218,inequality-solving
104050219,inequality-solving
104050220,inequality-solving
104050221,inequality-solving
104051012,point-plotting
104050989,interpreting-linear-equations
104050990,interpreting-linear-equations
104050991,interpreting-linear-equations
104050992,interpreting-linear-equations
104051001,interpreting-linear-equations
104051004,interpreting-linear-equations
104051005,interpreting-linear-equations
104051006,interpreting-linear-equations
104051007,interpreting-linear-equations
104051038,evaluating-functions
104051039,evaluating-functions
104051040,evaluating-functions
104051041,evaluating-functions
104051042,evaluating-functions
104051043,evaluating-functions
104051019,interpreting-linear-equations
104050993,interpreting-linear-equations
104050994,interpreting-linear-equations
104050995,interpreting-linear-equations
104050996,interpreting-linear-equations
104051025,interpreting-linear-equations
104051026,interpreting-linear-equations
104051008,interpreting-linear-equations
104051009,interpreting-linear-equations
104051010,interpreting-linear-equations
104051011,interpreting-linear-equations
104051015,reading-graph
104050256,subtraction
104050257,symbolization-articulation
104050258,symbolization-articulation
104050259,symbolization-articulation
104050002,sum-of-interior-angles-triangle
104050003,algebraic-manipulation
9104050767,probability
104050769,probability
104050013,pattern-finding
104050014,pattern-finding
104050015,pattern-finding
104050016,inducing-functions
104050021,inducing-functions
104050027,inducing-functions
104050028,pattern-finding
104050029,pattern-finding
104050406,graph-shape
104050407,graph-shape
104050408,graph-shape
104050409,graph-shape
9104050001,algebraic-manipulation
9104050027,inducing-functions
104050004,algebraic-manipulation
104050005,sum-of-interior-angles-triangle
104050006,equation-concept
104050283,symbolization-articulation
104050295,sum-of-interior-angles-more-than-3-sides
104050343,surface-area-and-volume
104050338,algebraic-manipulation
104050333,inducing-functions
104050324,order-of-operations
9104050315,symbolization-articulation
104050317,symbolization-articulation
104050318,symbolization-articulation
104050261,symbolization-articulation
104050262,symbolization-articulation
104050263,symbolization-articulation
104050301,sum-of-interior-angles-more-than-3-sides
104050302,sum-of-interior-angles-more-than-3-sides
104050303,sum-of-interior-angles-more-than-3-sides
9104050399,graph-shape
104050401,graph-shape
104050402,graph-shape
104050403,graph-shape
104050404,graph-shape
104050397,graph-shape
104050398,graph-shape
104050576,median
104050577,median
104050578,simple-calculation
104050030,pattern-finding
104050031,pattern-finding
104050032,pattern-finding
104050033,pattern-finding
104050034,pattern-finding
104050035,pattern-finding
104050086,pattern-finding
104050175,inducing-functions
104050176,pattern-finding
104050177,pattern-finding
104050178,symbolization-articulation
104050179,symbolization-articulation
104050180,inducing-functions
9104050776,equivalent-fractions-decimals-percents
104050777,probability
104050779,probability
104050830,probability
104050831,probability
104050832,probability
104050833,probability
9104050817,probability
104050790,probability
104050791,probability
104050792,probability
104050793,probability
9104050175,inducing-functions
104050058,evaluating-functions
104050115,division
104050285,symbolization-articulation
104051161,multiplying-decimals
104051162,multiplying-decimals
104051163,multiplying-decimals
104051164,multiplying-decimals
104051165,multiplying-decimals
104051000,equation-solving
104050713,inducing-functions
104050714,inducing-functions
104050715,inducing-functions
104050716,inducing-functions
104050717,inducing-functions
104050718,inducing-functions
104050719,inducing-functions
104050720,inducing-functions
104050707,inducing-functions
104050708,inducing-functions
104050709,inducing-functions
104050710,inducing-functions
104050711,inducing-functions
104050712,inducing-functions
104050304,sum-of-interior-angles-more-than-3-sides
104050305,sum-of-interior-angles-more-than-3-sides
104050306,sum-of-interior-angles-more-than-3-sides
104050307,sum-of-interior-angles-more-than-3-sides
104050308,sum-of-interior-angles-more-than-3-sides
104050309,sum-of-interior-angles-more-than-3-sides
104050310,sum-of-interior-angles-more-than-3-sides
104050311,sum-of-interior-angles-more-than-3-sides
104051016,reading-graph
104051017,reading-graph
104051018,reading-graph
104050813,probability
104050814,probability
104050815,probability
104050783,probability
9104050789,probability
104050866,linear-area-volume-conversion
104050867,linear-area-volume-conversion
104050868,linear-area-volume-conversion
104050869,linear-area-volume-conversion
104050860,scientific-notation
104050861,scientific-notation
104050862,scientific-notation
104050863,scientific-notation
104050864,scientific-notation
104050865,scientific-notation
104050843,scientific-notation
104050936,stem-and-leaf-plot
104050937,median
104050938,median
104050939,median
104050560,multiplication
104050561,multiplication
104050562,multiplication
104050563,multiplication
9104050456,scientific-notation
104050458,scientific-notation
104050529,fraction-division
104050530,fraction-division
9104050260,symbolization-articulation
9104050437,percent-of
104051128,multiplication
104051152,multiplying-decimals
104051334,ordering-numbers
104051335,ordering-numbers
104051290,addition
104051291,addition
104051292,addition
9104050753,probability
9104050956,divide-decimals
104051332,multiplication
104050736,probability
104050737,probability
104050738,probability
104051298,multiplication
104051299,multiplication
104051300,multiplication
9104051318,substitution
104051319,substitution
104051320,substitution
104051346,subtraction
104051347,subtraction
104051348,subtraction
104051349,subtraction
104051350,subtraction
104051351,subtraction
104051352,ordering-numbers
104051313,substitution
104051314,substitution
9104051425,algebraic-manipulation
104051129,multiplication
104051130,multiplication
104051131,multiplication
104051306,substitution
104051307,substitution
104051303,substitution
104051304,substitution
104051316,substitution
104051317,substitution
104051409,substitution
104051410,substitution
104051411,substitution
104051412,substitution
104051419,proportion
104051420,proportion
104050544,proportion
104050545,proportion
104050778,probability
104050768,probability
104050770,probability
104050786,probability
104050787,probability
104050788,probability
9104050255,symbolization-articulation
104050335,equation-concept
104050336,equation-concept
104050337,inducing-functions
9104050325,order-of-operations
9104050195,graph interpretation
9104050242,inequality-solving
104050244,inequality-solving
104050245,inequality-solving
104050246,interpreting-numberline
104050247,inequality-solving
104050248,p-patterns-relations-algebra
104050249,inequality-solving
104050250,interpreting-numberline
9104050369,inequality-solving
104051264,percents
104051265,percents
104051266,equation-solving
104051328,multiplication
104051329,multiplication
104051396,noskill
104051394,noskill
104051395,noskill
104050415,multiplying-decimals
104050418,multiplying-decimals
9104050550,discount
104050726,multiplying-decimals
104050727,multiplying-decimals
9104050685,fractions
9104051405,equation-solving
9104050222,inequality-solving
104051236,sum-of-interior-angles-triangle
104050457,scientific-notation
104050229,inequality-solving
104050230,inequality-solving
104051021,graph-shape
104051022,graph-shape
104051023,graph-shape
104051024,graph-shape
104050579,ordering-numbers
104050572,prime-number
104050573,prime-number
104050289,evaluating-functions
104050036,inducing-functions
104050037,pattern-finding
104050038,pattern-finding
104050102,pattern-finding
104050164,pattern-finding
104050181,inducing-functions
104050187,pattern-finding
104050188,pattern-finding
104050189,pattern-finding
104050190,pattern-finding
104050191,pattern-finding
104050192,pattern-finding
104050193,pattern-finding
104050130,pattern-finding
104050082,pattern-finding
104050071,inducing-functions
104050574,prime-number
104050583,scientific-notation
104050586,multiplying-decimals
104050591,discount
104050595,discount
104050600,finding-percents
9104050419,percents
104050264,inducing-functions
104050139,pattern-finding
104050312,inducing-functions
104050313,inducing-functions
104050094,pattern-finding
104050052,evaluating-functions
104050064,inducing-functions
104050007,symbolization-articulation
104050269,area
104050121,pattern-finding
104050078,interpreting-numberline
104050279,divide-decimals
104050280,divide-decimals
104050281,symbolization-articulation
104050282,symbolization-articulation
104050110,pattern-finding
9104050110,pattern-finding
104050111,pattern-finding
104050112,pattern-finding
104050113,pattern-finding
104050114,pattern-finding
104050329,inducing-functions
104050171,algebraic-manipulation
104050150,division
104050297,sum-of-interior-angles-more-than-3-sides
104050298,sum-of-interior-angles-triangle
104050299,sum-of-interior-angles-more-than-3-sides
9104050344,symbolization-articulation
104051326,making-sense-of-expressions-and-equations
9104051267,evaluating-functions
9104051312,substitution
104051427,algebraic-manipulation
9104051270,subtraction
9104050785,probability
9104050513,fraction-multiplication
9104050536,discount
9104050523,algebraic-manipulation
9104051421,proportion
104051365,point-plotting
104051366,point-plotting
104051367,point-plotting
104051361,point-plotting
104051373,addition
104051374,addition
9104050211,interpreting-numberline
9104050373,equation-solving
9104050016,inducing-functions
104050018,pattern-finding
104050019,pattern-finding
104050020,pattern-finding
9104050021,inducing-functions
104050023,pattern-finding
104050024,pattern-finding
104050025,pattern-finding
104050026,pattern-finding
104051255,pattern-finding
104051256,pattern-finding
104051362,point-plotting
104051363,point-plotting
104051357,ordering-numbers
104051358,ordering-numbers
104051359,ordering-numbers
9104050977,exponents
104050198,interpreting-numberline
104050199,interpreting-numberline
104050200,interpreting-numberline
9104050304,sum-of-interior-angles-more-than-3-sides
9104050215,inequality-solving
104050518,order-of-operations
104050519,order-of-operations
104050749,probability
104050750,probability
104050751,probability
104050243,inequality-solving
104050316,symbolization-articulation
104050231,inequality-solving
104050232,interpreting-numberline
104050358,equation-solving
104050359,square-root
104050360,equation-solving
9104051061,point-plotting
9104051190,pattern-finding
9104051244,inducing-functions
9104051144,equation-solving
9104050405,graph-shape
104050851,median
104050871,mean
9104050807,combinatorics
9104050739,probability
9104050795,probability
9104051237,sum-of-interior-angles-triangle
104050638,pythagorean-theorem
104050627,algebraic-manipulation
104050810,probability
104050821,probability
104050209,interpreting-numberline
104050210,interpreting-numberline
104050206,interpreting-numberline
104050207,interpreting-numberline
104050503,order-of-operations
104050454,subtracting-decimals
104050455,subtracting-decimals
104050467,square-root
9104050197,interpreting-numberline
104050202,interpreting-numberline
104050203,interpreting-numberline
9104050660,subtracting-decimals
9104050349,fractions
104050320,substitution
104050321,substitution
104050322,substitution
104050323,substitution
9104050011,inducing-functions
104050156,algebraic-manipulation
104050828,probability
104051279,division
104051282,multiplication
104051283,multiplication
104050723,proportion
9104050251,symbolization-articulation
104050022,pattern-finding
104050087,subtraction
104050088,subtraction
104050089,subtraction
104050090,subtraction
104050091,pattern-finding
104050092,pattern-finding
104050093,pattern-finding
104050072,inducing-functions
104050073,inducing-functions
104050074,inducing-functions
104050075,inducing-functions
104050076,inducing-functions
104050077,inducing-functions
104050042,inducing-functions
104050043,inducing-functions
104050044,inducing-functions
104050045,inducing-functions
104050046,inducing-functions
104050047,inducing-functions
104050048,inducing-functions
104050049,inducing-functions
104050050,inducing-functions
104050051,inducing-functions
9104050924,finding-percents
9104051333,ordering-numbers
9104050763,probability
9104050479,finding-percents
104050889,fraction-decimals-percents
104050890,fraction-decimals-percents
104050891,fraction-decimals-percents
104050892,fraction-decimals-percents
9104050913,fraction-division
104050844,scientific-notation
104050845,scientific-notation
104050846,scientific-notation
104050847,scientific-notation
104050848,scientific-notation
104050849,scientific-notation
9104050295,sum-of-interior-angles-more-than-3-sides
9104050012,inducing-functions
9104050196,inequalities
104051002,interpreting-linear-equations
104051003,interpreting-linear-equations
104051013,point-plotting
104051014,point-plotting
104050314,inducing-functions
104050079,interpreting-numberline
104050080,interpreting-numberline
104050081,interpreting-numberline
104050140,subtraction
104050146,subtraction
104050147,subtraction
104050148,pattern-finding
104050149,pattern-finding
104050141,subtraction
104050142,pattern-finding
104050143,pattern-finding
104050144,pattern-finding
104050145,pattern-finding
104050265,inducing-functions
104050266,inducing-functions
104050267,inducing-functions
104050268,inducing-functions
104050580,n-number-sense-operations
104050581,n-number-sense-operations
104050582,n-number-sense-operations
9104050572,prime-number
104050587,multiplying-decimals
104050588,multiplying-decimals
104050589,multiplying-decimals
104050590,multiplying-decimals
104050592,discount
104051280,division
9104051204,area
104050017,pattern-finding
9104050449,making-sense-of-expressions-and-equations
104050065,addition
104050532,percent-of
104050533,discount
9104051048,multiplication
9104051093,square-root
9104051132,supplementary-angles
9104051263,equation-solving
9104051166,square-root
9104051219,properties-of-geometric-figures
9104050319,order-of-operations
9104050300,sum-of-interior-angles-more-than-3-sides
9104050058,evaluating-functions
104050060,subtraction
104050061,multiplication
104050062,subtraction
104050063,evaluating-functions
104050131,pattern-finding
104050132,pattern-finding
104050133,pattern-finding
104050134,pattern-finding
104050135,pattern-finding
9104050410,reading-graph
9104050391,graph-shape
104050475,multiplication
104050476,multiplication
104050477,interpreting-numberline
104050593,percent-of
104050594,discount
104050430,ordering-numbers
104050431,integers
104050432,ordering-numbers
104050433,ordering-numbers
9104050829,probability
104050400,graph-shape
104050491,n-number-sense-operations
104050492,n-number-sense-operations
104050493,n-number-sense-operations
104050494,n-number-sense-operations
9104051102,equivalent-fractions-decimals-percents
104050528,fraction-division
104050388,subtracting-decimals
104050389,subtracting-decimals
104050390,subtracting-decimals
104050182,equation-solving
104050183,equation-solving
104050184,symbolization-articulation
104050185,symbolization-articulation
104050186,inducing-functions
9104050546,proportion
104051390,noskill
104051442,noskill
104050460,multiplying-decimals
104050461,multiplying-decimals
104050462,multiplying-decimals
104050157,pattern-finding
104050158,subtraction
104050159,subtraction
104050160,pattern-finding
104050161,multiplication
104051369,point-plotting
104050584,n-number-sense-operations
104050585,n-number-sense-operations
9104050396,graph-shape
9104050383,inducing-functions
9104051077,interpreting-linear-equations
9104050971,reciprocal
9104050705,inducing-functions
9104051057,evaluating-functions
9104050721,inducing-functions
9104050201,interpreting-numberline
9104050357,equation-solving
9104050606,interpreting-numberline
9104050194,algebra symbolization
9104050974,equation-solving
104050469,square-root
104050416,rounding
104050417,multiplying-decimals
104051392,area
9104050839,least-common-multiple
9104050997,equation-solving
9104050378,number-line
9104050208,interpreting-numberline
104050290,multiplication
104050291,subtraction
104050292,multiplication
104050293,subtraction
104050294,evaluating-functions
104050039,pattern-finding
104050040,pattern-finding
104050041,p-patterns-relations-algebra
104050103,subtraction
104050104,subtraction
104050105,subtraction
104050106,subtraction
104050107,pattern-finding
104050108,pattern-finding
104050109,pattern-finding
9104050164,pattern-finding
104050165,pattern-finding
104050166,pattern-finding
104050167,pattern-finding
104050168,pattern-finding
104050169,pattern-finding
104050170,pattern-finding
104050116,division
104050117,division
104050118,division
104050119,division
104050120,pattern-finding
9104050042,inducing-functions
104050757,probability
104050758,probability
104050520,order-of-operations
104050446,making-sense-of-expressions-and-equations
9104050812,probability
9104050801,combinatorics
9104050156,algebraic-manipulation
104050162,algebraic-manipulation
104050163,pattern-finding
104050053,evaluating-functions
104050054,evaluating-functions
104050055,evaluating-functions
104050056,evaluating-functions
104050330,properties-of-geometric-figures
104050331,properties-of-geometric-figures
104050332,pattern-finding
104050270,area
104050271,area
104050272,circumference
9104051019,interpreting-linear-equations
131,pythagorean-theorem
127,pythagorean-theorem
128,pythagorean-theorem
129,pythagorean-theorem
130,pythagorean-theorem
849,finding-percents
1351,noskill
74,supplementary-angles
72,transversals
73,supplementary-angles
3545,pattern-finding
3541,pattern-finding
3542,pattern-finding
3543,pattern-finding
3544,pattern-finding
463,symbolization-articulation
862,discount
860,percent-of
861,percent-of
1063,point-plotting
2063,equivalent-fractions-decimals-percents
2060,probability
2061,probability
2062,probability
1263,circle-graph
1259,simple-calculation
1260,simple-calculation
1261,circle-graph
1262,circle-graph
1285,transformations-rotations
2711,equivalent-fractions-decimals-percents
2710,of-means-multiply
4656,equivalent-fractions-decimals-percents
4657,equivalent-fractions-decimals-percents
441,symbolization-articulation
2114,probability
2111,least-common-multiple
2112,least-common-multiple
2113,least-common-multiple
2730,reading-graph
4685,noskill
1006,reading-graph
1003,reading-graph
1004,reading-graph
1005,reading-graph
166,discount
163,discount
164,discount
165,discount
1615,equivalent-fractions-decimals-percents
448,inducing-functions
445,properties-of-geometric-figures
446,properties-of-geometric-figures
447,pattern-finding
646,pattern-finding
640,pattern-finding
641,pattern-finding
642,pattern-finding
643,pattern-finding
644,pattern-finding
645,pattern-finding
4673,square-root
9656,square-root
9657,square-root
9658,square-root
231,noskill
1218,noskill
1214,noskill
1215,noskill
1216,noskill
1217,noskill
4522,probability
4518,probability
4519,probability
4520,probability
4521,probability
2209,fraction-decimals-percents
2205,fraction-decimals-percents
2206,fraction-decimals-percents
2207,fraction-decimals-percents
2208,fraction-decimals-percents
639,inducing-functions
634,equation-solving
635,equation-solving
636,symbolization-articulation
638,inducing-functions
342,order-of-operations
369,sum-of-interior-angles-more-than-3-sides
4382,isosceles-triangle
1516,making-sense-of-expressions-and-equations
4687,area
2255,statistics
4572,inequality-solving
4567,inequality-solving
4568,inequality-solving
4569,inequality-solving
4570,inequality-solving
4571,inequality-solving
2698,evaluating-functions
2695,multiplication
2696,unit-conversion
2697,evaluating-functions
2719,point-plotting
2717,point-plotting
2718,point-plotting
9793,point-plotting
9794,point-plotting
1563,triangle-inequality
1265,properties-of-geometric-figures
1096,reading-graph
1093,reading-graph
1094,reading-graph
1095,reading-graph
4507,probability
4504,probability
4505,probability
4506,probability
1616,number-line
52,equivalent-fractions-decimals-percents
48,of-means-multiply
49,equivalent-fractions-decimals-percents
50,fraction-multiplication
51,equivalent-fractions-decimals-percents
1271,area
1267,area
1268,perimeter
1266,area
1269,perimeter
1270,area
4666,noskill
2132,combinatorics
2128,combinatorics
2129,combinatorics
2130,combinatorics
2131,combinatorics
1697,inducing-functions
409,order-of-operations
9104050575,median
9104050228,interpreting-numberline
9104051345,ordering-numbers
9104051032,evaluating-functions
104050419,percents
9104050478,circle-graph
9104050279,divide-decimals
104051370,point-plotting
104051371,point-plotting
9104050735,probability
9104050539,scientific-notation
9104050452,subtracting-decimals
104050008,symbolization-articulation
104050009,symbolization-articulation
9104050941,equation-solving
9104050698,subtraction
9104050943,linear-area-volume-conversion
9104051020,graph-shape
9104050334,equation-concept
9104051001,interpreting-linear-equations
9104050947,pattern-finding
9104051053,evaluating-functions
9104051038,evaluating-functions
9104050495,reading-graph
9104050614,addition
9104050380,percents
104050534,discount
104050816,probability
104050424,equivalent-fractions-decimals-percents
104050425,equivalent-fractions-decimals-percents
9104050064,inducing-functions
9104050490,n-number-sense-operations
104050486,multiplication
104050487,multiplication
104050488,multiplication
104050489,multiplication
9104050171,algebraic-manipulation
9104050564,reading-graph
104050565,reading-graph
104050566,reading-graph
104050567,reading-graph
104050173,algebraic-manipulation
104050174,equation-concept
9104050264,inducing-functions
9104050993,interpreting-linear-equations
9104050445,making-sense-of-expressions-and-equations
9104050423,equivalent-fractions-decimals-percents
9104050917,mean
9104050880,probability
104050521,order-of-operations
9104050722,proportion
9104050908,reading-graph
104050122,subtraction
104050123,subtraction
104050124,subtraction
104050125,pattern-finding
104050126,pattern-finding
104050127,pattern-finding
104050128,pattern-finding
104050129,pattern-finding
104050066,addition
104050067,addition
104050068,addition
104050069,inducing-functions
104050070,equation-solving
9104050650,equation-solving
9104050780,probability
9104051364,point-plotting
9104050387,subtracting-decimals
9104050459,multiplying-decimals
9104050130,pattern-finding
104050136,pattern-finding
104050137,pattern-finding
104050138,pattern-finding
104050361,equation-solving
104051438,noskill
104051439,noskill
9104051015,reading-graph
9104050850,median
9104050150,division
104050151,pattern-finding
9104050052,evaluating-functions
104050619,n-number-sense-operations
104050620,n-number-sense-operations
9104050624,graph-shape
104051453,noskill
104051454,noskill
9104051135,percent-of
104051445,noskill
104051446,noskill
104051447,noskill
104051448,noskill
104051449,noskill
104051450,noskill
104051451,noskill
104051452,noskill
104051027,p-patterns-relations-algebra
104051028,p-patterns-relations-algebra
104051029,p-patterns-relations-algebra
104051030,p-patterns-relations-algebra
104051031,p-patterns-relations-algebra
9104050866,linear-area-volume-conversion
9104050885,venn-diagram
9104050860,scientific-notation
9104050935,median
9104050794,probability
104050558,discount
9104050509,circle-graph
9104051088,point-plotting
104051385,noskill
104051381,noskill
104051388,noskill
104051389,noskill
104051382,noskill
104051383,noskill
104051387,noskill
9104050296,sum-of-interior-angles-more-than-3-sides
9104050289,evaluating-functions
9104051287,division
104050535,discount
9104051118,properties-of-geometric-figures
9104050983,exponents
9104050945,symbolization-articulation
9104050339,algebraic-manipulation
9104050187,pattern-finding
9104050071,inducing-functions
9104051360,point-plotting
9104051289,addition
9104050482,reciprocal
9104050526,fraction-division
9104051197,discount
9104050181,inducing-functions
9104050102,pattern-finding
104050510,proportion
104050511,reduce-fraction
104050512,circle-graph
9104050970,subtraction
9104051107,equivalent-fractions-decimals-percents
9104050362,equation-solving
9104051305,substitution
9104051321,making-sense-of-expressions-and-equations
104050806,combinatorics
104050876,scientific-notation
104050877,scientific-notation
104050878,scientific-notation
9104050036,inducing-functions
104050172,symbolization-articulation
104050568,reading-graph
9104050121,pattern-finding
104051006,noskill
104051007,noskill
9104050205,interpreting-numberline
9104051234,sum-of-interior-angles-triangle
9104051302,substitution
104050596,percent-of
104050597,discount
104050598,percent-of
104050599,discount
9104050595,discount
9104050139,pattern-finding
9104051008,interpreting-linear-equations
104050095,subtraction
104050096,subtraction
104050097,subtraction
104050098,subtraction
104050099,pattern-finding
104050100,pattern-finding
104050101,pattern-finding
9104050609,equation-solving
9104051182,area
9104051215,area
9104050658,n-number-sense-operations
9104050893,median
9104050896,median
9104050500,order-of-operations
104050083,pattern-finding
104050084,pattern-finding
104050085,pattern-finding
9104051154,multiplying-decimals
9104050989,interpreting-linear-equations
9104051330,multiplication
104050059,multiplication
104051393,noskill
9104050725,multiplying-decimals
104050448,making-sense-of-expressions-and-equations
9104051435,fraction-division
9104051044,equation-concept
9104050569,square-root
9104050969,subtraction
9104051012,point-plotting
9104050379,equation-solving
9104050854,linear-area-volume-conversion
9104050843,scientific-notation
104051139,application: finding percentage of a number
104050447,making-sense-of-expressions-and-equations
9104051140,equation-solving
104050442,graph-shape
104050443,graph-shape
104050444,graph-shape
9104050283,symbolization-articulation
9104051025,interpreting-linear-equations
9104051127,multiplication
9104051187,area
9104051122,isosceles-triangle
9104050759,probability
104050976,noskill
104050641,ordering-numbers
104050642,fraction-multiplication
9104051259,supplementary-angles
9104051340,addition
9104050930,mode
9104050586,multiplying-decimals
9104050591,discount
9104050901,mean
9104051356,ordering-numbers
9104051324,making-sense-of-expressions-and-equations
9104050324,order-of-operations
9104050343,surface-area-and-volume
9104050734,probability
104051398,noskill
9104051418,proportion
9104050656,percents
178,reading-graph
175,reading-graph
176,reading-graph
177,reading-graph
2724,interpreting-linear-equations
1561,fractions
2171,probability
1301,area
1296,properties-of-geometric-figures
1297,area-of-circle
1298,area-of-circle
1299,area
1300,area
2249,reading-graph
2245,reading-graph
2246,reading-graph
2247,reading-graph
2248,reading-graph
1644,proportion
879,discount
878,percent-of
876,discount
877,discount
926,equivalent-fractions-decimals-percents
1436,equation-solving
1433,n-number-sense-operations
1434,n-number-sense-operations
1435,n-number-sense-operations
2225,scientific-notation
2219,scientific-notation
2220,scientific-notation
2221,scientific-notation
2222,scientific-notation
2223,scientific-notation
2224,scientific-notation
1541,pythagorean-theorem
1176,properties-of-geometric-figures
1132,unit-conversion
1126,unit-conversion
1127,unit-conversion
1128,unit-conversion
1129,unit-conversion
1130,unit-conversion
9319,noskill
9320,noskill
9321,noskill
9322,noskill
9340,noskill
9299,noskill
9351,noskill
9345,noskill
9346,noskill
9347,noskill
9348,noskill
9334,noskill
9314,noskill
9352,noskill
9353,noskill
9354,noskill
1131,unit-conversion
1613,noskill
455,interpreting-numberline
1596,fraction-multiplication
733,inducing-functions
727,addition
728,addition
729,addition
730,addition
731,inducing-functions
732,equation-solving
4535,fraction-division
4533,fraction-division
4534,fraction-division
822,proportion
820,proportion
821,proportion
1989,equation-solving
1987,equation-solving
1988,equation-solving
2196,linear-area-volume-conversion
2193,linear-area-volume-conversion
2194,linear-area-volume-conversion
2195,linear-area-volume-conversion
836,multiplying-decimals
980,noskill
367,sum-of-interior-angles-triangle
366,sum-of-interior-angles-more-than-3-sides
368,sum-of-interior-angles-more-than-3-sides
4514,scientific-notation
1159,equation-concept
1155,equation-concept
1156,p-patterns-relations-algebra
1157,equation-concept
1158,equation-concept
174,area
171,area
172,perimeter
173,perimeter
564,evaluating-functions
559,multiplication
560,subtraction
561,multiplication
562,subtraction
563,evaluating-functions
1319,transformations-rotations
1570,rate
9375,rate
4503,probability
474,algebraic-manipulation
223,inducing-functions
219,inducing-functions
220,inducing-functions
221,inducing-functions
222,inducing-functions
205,properties-of-geometric-figures
200,properties-of-geometric-figures
201,properties-of-geometric-figures
202,properties-of-geometric-figures
203,properties-of-geometric-figures
204,properties-of-geometric-figures
1125,proportion
1121,proportion
1122,proportion
1123,proportion
1124,proportion
224,noskill
225,noskill
226,noskill
227,noskill
228,noskill
229,noskill
230,noskill
1036,n-number-sense-operations
1032,n-number-sense-operations
1033,n-number-sense-operations
1034,n-number-sense-operations
1035,n-number-sense-operations
239,pattern-finding
2127,probability
2123,probability
2124,probability
2125,probability
2126,probability
1638,equation-solving
9684,equation-solving
9685,equation-solving
1580,m-measurement
2712,interpreting-linear-equations
2073,probability
1581,combinatorics
9400,combinatorics
9401,combinatorics
4635,properties-of-geometric-figures
4633,properties-of-geometric-figures
4634,properties-of-geometric-figures
1626,rate-with-distance-and-time
9666,rate-with-distance-and-time
9667,rate-with-distance-and-time
833,reciprocal
831,reciprocal
832,reciprocal
2345,linear-area-volume-conversion
4555,multiplication
4551,multiplication
4552,multiplication
4553,multiplication
4554,multiplication
1984,addition
4541,interpreting-linear-equations
4536,interpreting-linear-equations
1120,combinatorics
4684,noskill
2736,evaluating-functions
2731,evaluating-functions
2732,evaluating-functions
2733,evaluating-functions
2734,evaluating-functions
2735,evaluating-functions
1533,fraction-multiplication
3522,equation-solving
2100,probability
991,graph-shape
912,making-sense-of-expressions-and-equations
910,making-sense-of-expressions-and-equations
911,making-sense-of-expressions-and-equations
2088,probability
4562,area
4560,area
4561,area
1002,graph-shape
4566,algebraic-manipulation
4563,algebraic-manipulation
4564,algebraic-manipulation
4565,algebraic-manipulation
2101,probability
1371,noskill
1369,noskill
1370,noskill
4458,discount
2149,probability
2146,probability
2147,probability
2148,probability
1283,unit-conversion
1136,substitution
1133,p-patterns-relations-algebra
1134,p-patterns-relations-algebra
1135,p-patterns-relations-algebra
1735,area-concept
2213,fraction-division
2374,equation-solving
444,inducing-functions
1575,properties-of-geometric-figures
662,inducing-functions
657,pattern-finding
658,pattern-finding
659,pattern-finding
660,pattern-finding
661,pattern-finding
4596,pattern-finding
4593,pattern-finding
4588,pattern-finding
4589,pattern-finding
4590,pattern-finding
4591,pattern-finding
4592,pattern-finding
4594,pattern-finding
4595,pattern-finding
347,symbolization-articulation
343,symbolization-articulation
344,symbolization-articulation
603,division
598,division
599,division
600,division
601,division
602,pattern-finding
789,integers
482,interpreting-numberline
460,symbolization-articulation
461,symbolization-articulation
462,symbolization-articulation
1474,multiplying-decimals
4421,rate-with-distance-and-time
865,fraction-multiplication
997,graph-shape
992,graph-shape
993,graph-shape
994,graph-shape
995,graph-shape
996,graph-shape
1660,circle-graph
2716,interpreting-linear-equations
2713,interpreting-linear-equations
215,sum-of-interior-angles-triangle
213,supplementary-angles
214,sum-of-interior-angles-triangle
1045,circle-graph
1042,proportion
1043,reduce-fraction
1044,circle-graph
1649,circle-graph
4517,venn-diagram
4515,venn-diagram
4516,venn-diagram
4686,noskill
4760,noskill
4761,noskill
2260,mode
2256,mode
2257,reading-graph
2258,reading-graph
2259,mode
2289,median
2285,stem-and-leaf-plot
2286,median
2287,median
2288,median
1022,circle-graph
2685,evaluating-functions
2680,evaluating-functions
2681,evaluating-functions
2682,evaluating-functions
2683,evaluating-functions
2684,evaluating-functions
2080,probability
2078,probability
2079,probability
362,area
936,ordering-numbers
933,n-number-sense-operations
934,n-number-sense-operations
935,n-number-sense-operations
597,pattern-finding
4537,interpreting-linear-equations
4538,interpreting-linear-equations
4539,interpreting-linear-equations
4540,interpreting-linear-equations
467,area
1254,finding-percents
1251,finding-percents
1252,finding-percents
1253,finding-percents
4003,exponents
894,square-root
2344,linear-area-volume-conversion
136,area
132,area
133,perimeter
134,area
135,area
4486,evaluating-functions
4483,unit-conversion
4484,unit-conversion
4485,evaluating-functions
1674,fractions
1662,reading-graph
1663,fractions
1664,reading-graph
1665,reading-graph
1666,reading-graph
1667,fractions
1668,reading-graph
1669,reading-graph
1670,reading-graph
1671,fractions
1672,reading-graph
1673,reading-graph
2118,probability
2115,probability
2116,probability
2117,probability
1479,unit-conversion
1477,unit-conversion
1476,unit-conversion
1478,unit-conversion
1611,equation-solving
1085,finding-percents
1081,finding-percents
1082,finding-percents
1083,finding-percents
1084,finding-percents
468,subtraction
469,pattern-finding
470,division
471,algebraic-manipulation
472,symbolization-articulation
473,algebraic-manipulation
2705,equation-concept
248,supplementary-angles
246,supplementary-angles
247,transversals
1167,equation-solving
1164,p-patterns-relations-algebra
1165,p-patterns-relations-algebra
1166,p-patterns-relations-algebra
2077,probability
2074,probability
2075,probability
2076,probability
1621,probability
4546,point-plotting
4542,point-plotting
4543,point-plotting
4544,point-plotting
4545,point-plotting
839,scientific-notation
964,multiplying-decimals
960,multiplying-decimals
961,multiplying-decimals
962,multiplying-decimals
963,multiplying-decimals
4478,substitution
1306,area
1303,area
1304,area
1305,area
1623,unit-conversion
1501,pattern-finding
5,point-plotting
1619,noskill
940,percents
357,unit-conversion
358,unit-conversion
359,area
360,area
361,rate
1624,rate
1625,evaluating-functions
810,percent-of
807,percent-of
808,percent-of
809,percent-of
983,noskill
1498,symbolization-articulation
1264,meaning-of-pi
4675,circle-graph
1475,unit-conversion
9064,unit-conversion
9065,unit-conversion
2343,equation-solving
2342,equation-solving
1653,linear-area-volume-conversion
9661,linear-area-volume-conversion
9662,linear-area-volume-conversion
2110,probability
2106,probability
2107,probability
2108,probability
2109,probability
41,square-root
1597,rate-with-distance-and-time
9612,rate-with-distance-and-time
9613,rate-with-distance-and-time
459,symbolization-articulation
1530,proportion
9789,interpreting-linear-equations
9790,interpreting-linear-equations
9791,interpreting-linear-equations
9792,interpreting-linear-equations
1092,divisibility
1086,divisibility
1087,divisibility
9369,pythagorean-theorem
9370,pythagorean-theorem
1363,noskill
1360,noskill
1361,noskill
1362,noskill
1013,graph-shape
977,noskill
1647,making-sense-of-expressions-and-equations
9668,making-sense-of-expressions-and-equations
9669,making-sense-of-expressions-and-equations
2672,exponents
4418,rate-with-distance-and-time
4419,rate-with-distance-and-time
4420,rate-with-distance-and-time
356,symbolization-articulation
353,symbolization-articulation
354,symbolization-articulation
355,symbolization-articulation
3553,algebraic-manipulation
3551,algebraic-manipulation
3552,algebraic-manipulation
1986,equation-solving
1357,properties-of-solids
1353,properties-of-solids
1354,properties-of-solids
1355,properties-of-solids
1356,properties-of-solids
677,inducing-functions
1017,interpreting-numberline
1014,multiplication
1015,multiplication
1016,interpreting-numberline
1650,area-of-circle
9686,area-of-circle
9687,area-of-circle
1116,combinatorics
1117,combinatorics
1118,combinatorics
1119,combinatorics
2186,linear-area-volume-conversion
2181,linear-area-volume-conversion
2182,linear-area-volume-conversion
2183,linear-area-volume-conversion
2184,linear-area-volume-conversion
2185,linear-area-volume-conversion
4669,noskill
4668,noskill
4670,noskill
4671,noskill
4672,noskill
2690,multiplication
2686,substitution
2687,multiplication
2688,substitution
2689,multiplication
4559,area
4556,area
4557,area
4558,area
1069,comparing-fractions
2264,mean
2261,mean
2262,mean
2263,mean
117,square-root
78,percent-of
75,venn-diagram
76,venn-diagram
77,percent-of
1488,algebraic-manipulation
9279,algebraic-manipulation
9280,algebraic-manipulation
9281,algebraic-manipulation
9371,fractions
9372,fractions
9373,proportion
9374,proportion
456,symbolization-articulation
457,symbolization-articulation
458,symbolization-articulation
956,prime-number
954,prime-number
955,prime-number
2218,finding-percents
1144,adding-decimals
436,divide-decimals
1284,meaning-of-pi
988,graph-shape
984,graph-shape
985,graph-shape
986,graph-shape
987,graph-shape
1059,median
1056,median
1057,median
1058,simple-calculation
837,scientific-notation
838,scientific-notation
1189,discount
1186,discount
1187,discount
1188,discount
4674,noskill
3373,noskill
3369,noskill
3370,noskill
3371,noskill
3372,noskill
3396,noskill
3393,noskill
3394,noskill
3395,noskill
3429,noskill
3448,noskill
4665,pythagorean-theorem
3416,noskill
3432,noskill
9341,noskill
9342,noskill
814,subtracting-decimals
813,subtracting-decimals
2274,mean
2268,mean
2269,mean
2270,mean
2271,mean
2272,mean
2273,mean
330,symbolization-articulation
968,discount
842,order-of-operations
120,noskill
1503,pythagorean-theorem
898,multiplying-decimals
1088,prime-number
1089,prime-number
1090,prime-number
1091,divisibility
2068,probability
2064,probability
2702,equation-concept
2703,equation-concept
2704,equation-concept
3426,noskill
3427,noskill
9651,probability
9652,probability
1009,area
1007,area
1008,graph-shape
1500,pattern-finding
1607,algebraic-manipulation
4015,percent-of
989,graph-shape
990,graph-shape
847,finding-percents
848,finding-percents
2229,scientific-notation
1648,sum-of-interior-angles-triangle
3446,noskill
3447,noskill
3414,noskill
3415,noskill
9309,noskill
9335,noskill
9336,noskill
9315,noskill
9316,noskill
9317,noskill
9318,noskill
3623,noskill
9663,supplementary-angles
9664,supplementary-angles
9665,sum-of-interior-angles-triangle
853,discount
974,noskill
975,noskill
976,noskill
965,discount
966,percent-of
967,discount
3540,pattern-finding
1,point-plotting
2,point-plotting
3,point-plotting
4,reading-graph
1639,rate
9659,rate
9660,rate
2214,finding-percents
2215,finding-percents
2216,finding-percents
2217,finding-percents
232,pattern-finding
233,pattern-finding
234,pattern-finding
235,pattern-finding
236,pattern-finding
237,pattern-finding
238,pattern-finding
4509,scientific-notation
4510,scientific-notation
4511,scientific-notation
4512,scientific-notation
4513,scientific-notation
9609,fraction-multiplication
9610,fraction-multiplication
9611,fraction-multiplication
586,pattern-finding
1154,fraction-multiplication
1150,fraction-multiplication
1151,fraction-multiplication
1152,fraction-multiplication
1153,ordering-numbers
16,reading-graph
185,triangle-inequality
670,pattern-finding
669,pattern-finding
671,pattern-finding
672,pattern-finding
673,pattern-finding
674,pattern-finding
675,pattern-finding
676,pattern-finding
8988,noskill
8989,noskill
8990,noskill
8703,noskill
8704,noskill
8705,noskill
9003,noskill
9004,noskill
9005,noskill
9006,noskill
9007,noskill
9798,noskill
9799,noskill
9796,noskill
9797,noskill
9771,noskill
9800,noskill
9801,noskill
9795,noskill
2726,interpreting-linear-equations
2725,interpreting-linear-equations
8706,noskill
8707,noskill
8708,noskill
8709,noskill
1316,transformations-rotations
1317,transformations-rotations
1318,transformations-rotations
2714,interpreting-linear-equations
2715,interpreting-linear-equations
1018,finding-percents
1019,circle-graph
1020,circle-graph
1021,circle-graph
2236,mean
2230,mean
2231,mean
2232,mean
2233,mean
2234,mean
2235,mean
594,pattern-finding
595,pattern-finding
596,pattern-finding
86,equation-solving
1173,sum-of-interior-angles-more-than-3-sides
1174,properties-of-geometric-figures
1175,supplementary-angles
14,reading-graph
15,reading-graph
4667,noskill
4550,properties-of-geometric-figures
4548,properties-of-geometric-figures
4547,properties-of-geometric-figures
4549,properties-of-geometric-figures
4388,unit-conversion
4384,unit-conversion
4247,noskill
4385,unit-conversion
4386,unit-conversion
4387,unit-conversion
252,noskill
9649,noskill
9650,noskill
9376,rate
9377,rate
9677,noskill
9678,noskill
1185,m-measurement
1182,measurement
1183,measurement
1184,measurement
33,square-root
34,square-root
35,square-root
36,square-root
37,square-root
38,square-root
39,square-root
40,square-root
118,proportion
119,proportion
479,interpreting-numberline
480,interpreting-numberline
481,interpreting-numberline
326,symbolization-articulation
327,symbolization-articulation
328,symbolization-articulation
329,symbolization-articulation
1490,combinatorics
9285,combinatorics
9286,combinatorics
9287,combinatorics
9288,combinatorics
400,area
395,unit-conversion
396,unit-conversion
397,area
398,area
399,rate
840,order-of-operations
841,order-of-operations
3428,noskill
882,noskill
525,interpreting-numberline
523,interpreting-numberline
524,interpreting-numberline
9675,symbolization-articulation
9676,symbolization-articulation
61,isosceles-triangle
58,supplementary-angles
59,transversals
60,isosceles-triangle
1139,point-plotting
1137,point-plotting
1138,point-plotting
1010,graph-shape
1011,graph-shape
1012,graph-shape
2099,combinatorics
2097,combinatorics
2098,combinatorics
9289,pattern-finding
9290,pattern-finding
183,triangle-inequality
184,triangle-inequality
1163,multiplying-decimals
656,inducing-functions
652,pattern-finding
653,pattern-finding
654,pattern-finding
655,pattern-finding
4383,equation-solving
365,inducing-functions
363,equation-solving
364,equation-solving
442,inducing-functions
443,inducing-functions
4629,inducing-functions
4380,isosceles-triangle
4381,isosceles-triangle
1982,addition
1983,addition
9282,proportion
9283,proportion
9284,proportion
4525,percents
4523,percents
4524,percents
9355,noskill
9357,noskill
2065,probability
2066,probability
2067,probability
3368,noskill
3400,noskill
3397,noskill
3398,noskill
3399,noskill
3378,noskill
3374,noskill
3375,noskill
3376,noskill
3377,noskill
4012,order-of-operations
1172,area
1168,area
1169,area
1170,area
1171,area
1041,reading-graph
1037,point-plotting
1038,point-plotting
1039,point-plotting
1040,reading-graph
9655,number-line
1080,percent-of
1076,n-number-sense-operations
1077,n-number-sense-operations
1078,n-number-sense-operations
1079,n-number-sense-operations
907,equivalent-fractions-decimals-percents
905,equivalent-fractions-decimals-percents
906,equivalent-fractions-decimals-percents
863,fraction-multiplication
864,fraction-multiplication
2096,probability
4680,noskill
4681,noskill
4682,noskill
4683,noskill
1512,comparing-fractions
4435,comparing-fractions
4436,comparing-fractions
4437,comparing-fractions
4438,comparing-fractions
4439,comparing-fractions
1627,interpreting-numberline
83,percents
84,percents
85,equation-solving
880,noskill
881,noskill
8857,noskill
8858,noskill
8859,noskill
8860,noskill
8898,noskill
8908,noskill
8909,noskill
8865,area
8866,area
8867,area
8868,area
8869,proportion
8870,proportion
4063,noskill
4060,noskill
4061,noskill
4062,noskill
8842,noskill
4000,exponents
4001,exponents
4002,exponents
13189,noskill
13190,noskill
13191,noskill
13192,noskill
8303,noskill
8304,noskill
8305,noskill
8306,noskill
9514,noskill
9515,noskill
9516,noskill
9517,noskill
13193,noskill
13194,noskill
13195,noskill
13196,noskill
2040,noskill
9122,noskill
13209,noskill
9123,noskill
9124,noskill
9125,noskill
8882,noskill
9510,noskill
9511,noskill
9512,noskill
9513,noskill
10036,noskill
8710,noskill
10037,noskill
10038,noskill
10039,noskill
8715,noskill
8716,noskill
8717,noskill
9171,noskill
13974,noskill
13975,noskill
13976,noskill
13977,noskill
13978,noskill
13979,noskill
13980,noskill
13981,noskill
13982,noskill
13983,noskill
13984,noskill
13985,noskill
13986,noskill
13989,noskill
13990,noskill
13991,noskill
13992,noskill
4500,probability
4501,probability
4502,probability
2239,median
9673,circle-graph
9674,circle-graph
4080,exponents
4077,exponents
4078,exponents
4079,exponents
2267,median
2265,median
2266,mean
4072,noskill
4068,noskill
4069,noskill
4070,noskill
4071,noskill
9167,pattern-finding
9168,pattern-finding
9169,pattern-finding
4058,noskill
4056,noskill
4057,noskill
4067,noskill
4064,noskill
4065,noskill
4066,noskill
464,area
465,area
466,circumference
4468,congruence
4464,congruence
4465,perimeter
4466,equation-solving
4467,congruence
8871,noskill
8872,noskill
8873,noskill
8874,noskill
8785,noskill
8786,noskill
8787,noskill
8788,noskill
4490,probability
2093,probability
2094,probability
2095,probability
2084,probability
22348,noskill
22349,noskill
22350,noskill
22351,noskill
22320,noskill
22321,noskill
22322,noskill
22323,noskill
22324,noskill
22192,noskill
22193,noskill
22194,noskill
22195,noskill
21827,noskill
21828,noskill
21829,noskill
21830,noskill
21831,noskill
22140,noskill
22141,noskill
22142,noskill
22143,noskill
22144,noskill
22172,noskill
22173,noskill
22174,noskill
22175,noskill
21653,noskill
22113,noskill
22114,noskill
22115,noskill
22116,noskill
22117,noskill
14821,percent-of
14848,mode
14823,probability
1181,unit-conversion
478,symbolization-articulation
339,substitution
340,substitution
341,substitution
1031,multiplying-decimals
1149,equivalent-fractions-decimals-percents
1652,order-of-operations
924,equivalent-fractions-decimals-percents
925,fraction-multiplication
9343,noskill
9344,noskill
9349,noskill
9350,noskill
2210,fraction-division
2211,fraction-division
2212,fraction-division
3383,noskill
3379,noskill
3380,noskill
3381,noskill
3382,noskill
3407,noskill
3403,noskill
3404,noskill
3405,noskill
3406,noskill
3445,noskill
9609,noskill
9610,noskill
10333,noskill
10338,noskill
10321,noskill
10324,noskill
10328,noskill
10337,noskill
10330,noskill
10331,noskill
10326,noskill
10329,noskill
10327,noskill
10332,noskill
10334,noskill
10335,noskill
10325,noskill
10323,noskill
10322,noskill
10320,noskill
10336,noskill
4456,discount
4457,discount
10970,noskill
10971,noskill
10973,noskill
10972,noskill
10974,noskill
10989,noskill
10990,noskill
10561,sum-of-interior-angles-triangle
10555,sum-of-interior-angles-triangle
10564,sum-of-interior-angles-triangle
10562,supplementary-angles
10557,sum-of-interior-angles-triangle
10558,sum-of-interior-angles-triangle
10560,sum-of-interior-angles-triangle
10556,sum-of-interior-angles-triangle
10559,sum-of-interior-angles-triangle
10563,transversals
10568,fractions
10576,equivalent-fractions-decimals-percents
10567,fractions
10569,percents
10571,fraction-decimals-percents
10572,equivalent-fractions-decimals-percents
10570,fraction-decimals-percents
10573,equivalent-fractions-decimals-percents
10574,equivalent-fractions-decimals-percents
10575,equivalent-fractions-decimals-percents
651,inducing-functions
937,rounding
938,percent-of
939,rounding
784,ordering-numbers
785,integers
786,ordering-numbers
787,ordering-numbers
788,integers
3357,noskill
3352,noskill
3353,noskill
3354,noskill
3355,noskill
3356,noskill
3442,noskill
3443,noskill
3444,noskill
3389,noskill
3384,noskill
3385,noskill
3386,noskill
3387,noskill
3388,noskill
3392,noskill
3390,noskill
3391,noskill
3413,noskill
2667,order-of-operations
2668,exponents
2669,order-of-operations
2670,multiplication
2671,order-of-operations
1314,transformations-rotations
1311,transformations-rotations
1312,transformations-rotations
1313,transformations-rotations
637,symbolization-articulation
9332,proportion
9333,fraction-multiplication
453,interpreting-numberline
454,interpreting-numberline
1028,p-patterns-relations-algebra
1029,p-patterns-relations-algebra
1030,p-patterns-relations-algebra
2237,mean
2238,mean
9310,noskill
9311,noskill
9312,noskill
9313,noskill
3364,noskill
3365,noskill
3366,noskill
3367,noskill
981,noskill
982,noskill
9061,rate-with-distance-and-time
9062,rate-with-distance-and-time
9291,pattern-finding
9292,pattern-finding
9293,pattern-finding
9294,pattern-finding
3532,pattern-finding
3533,pattern-finding
3534,pattern-finding
3535,pattern-finding
3536,pattern-finding
3537,pattern-finding
3538,pattern-finding
3539,pattern-finding
146,pattern-finding
140,pattern-finding
141,pattern-finding
142,pattern-finding
143,pattern-finding
144,pattern-finding
145,pattern-finding
1100,reading-graph
890,square-root
891,square-root
892,square-root
893,square-root
433,divide-decimals
434,symbolization-articulation
435,symbolization-articulation
1682,inducing-functions
1683,inducing-functions
1684,inducing-functions
1685,inducing-functions
1686,inducing-functions
1687,inducing-functions
1688,inducing-functions
1689,inducing-functions
1690,inducing-functions
1691,inducing-functions
1692,inducing-functions
1693,inducing-functions
1694,inducing-functions
1695,inducing-functions
1696,inducing-functions
2244,median
2240,median
2241,ordering-numbers
2242,mean
2243,median
110,square-root
111,square-root
112,square-root
113,square-root
114,square-root
115,square-root
116,square-root
4013,percent-of
4014,percent-of
9614,interpreting-numberline
9615,interpreting-numberline
9616,unit-conversion
3560,algebraic-manipulation
3558,algebraic-manipulation
3559,algebraic-manipulation
1177,unit-conversion
1178,unit-conversion
1179,unit-conversion
1180,unit-conversion
4345,unit-conversion
9670,order-of-operations
9671,order-of-operations
9672,order-of-operations
3430,noskill
3431,noskill
1060,p-patterns-relations-algebra
1061,p-patterns-relations-algebra
1062,point-plotting
2069,probability
2070,probability
2071,probability
2072,probability
1145,n-number-sense-operations
1146,n-number-sense-operations
1147,n-number-sense-operations
1148,n-number-sense-operations
475,symbolization-articulation
476,symbolization-articulation
477,symbolization-articulation
9880,noskill
9883,noskill
9884,noskill
9871,noskill
9869,noskill
9870,noskill
9873,noskill
9875,noskill
9877,noskill
8979,noskill
8980,noskill
8981,noskill
9894,noskill
9887,noskill
9888,noskill
9889,noskill
9890,noskill
4629,noskill
405,substitution
406,substitution
407,substitution
408,substitution
4009,order-of-operations
4010,order-of-operations
4011,order-of-operations
345,symbolization-articulation
346,symbolization-articulation
2105,least-common-multiple
2102,least-common-multiple
2103,least-common-multiple
2104,least-common-multiple
1643,properties-of-geometric-figures
1140,n-number-sense-operations
1141,n-number-sense-operations
1142,n-number-sense-operations
1143,n-number-sense-operations
4732,noskill
4738,noskill
4739,noskill
4740,noskill
4741,noskill
437,subtraction
438,symbolization-articulation
439,symbolization-articulation
440,symbolization-articulation
895,multiplying-decimals
896,multiplying-decimals
897,multiplying-decimals
850,percent-of
851,discount
852,discount
8718,noskill
8719,noskill
8720,noskill
13953,noskill
13959,noskill
13954,point-plotting
13955,noskill
14074,noskill
14075,noskill
14076,noskill
14077,noskill
14078,noskill
14169,noskill
1985,equation-solving
9033,noskill
9034,noskill
9053,noskill
9054,noskill
9055,noskill
9175,noskill
811,subtracting-decimals
812,subtracting-decimals
8793,noskill
2226,scientific-notation
2227,scientific-notation
2228,scientific-notation
9153,noskill
9154,noskill
9155,noskill
9156,noskill
8994,noskill
8995,noskill
8996,noskill
8997,noskill
8998,noskill
4084,noskill
4052,noskill
4047,noskill
4048,noskill
4049,noskill
4050,noskill
4051,noskill
8999,noskill
9000,noskill
9001,noskill
9002,noskill
8112,noskill
8113,noskill
4041,noskill
4038,noskill
4039,noskill
4040,noskill
9172,noskill
9173,noskill
9174,noskill
11948,noskill
12197,noskill
12198,noskill
12199,noskill
13907,noskill
834,multiplying-decimals
835,rounding
9679,proportion
9680,proportion
9025,noskill
9026,noskill
9027,noskill
3459,g-geometry
3455,g-geometry
3456,g-geometry
3457,equation-solving
3458,g-geometry
9056,noskill
12809,noskill
12841,noskill
12842,noskill
12807,noskill
12806,noskill
12808,noskill
12838,noskill
12839,noskill
12840,noskill
2201,median
4055,transformations-rotations
9086,noskill
648,pattern-finding
649,pattern-finding
650,pattern-finding
14841,area
22352,noskill
22353,noskill
22354,noskill
22355,noskill
22356,noskill
22118,noskill
22119,noskill
22420,noskill
22421,noskill
21657,noskill
21658,noskill
21659,noskill
21860,noskill
21861,noskill
22300,noskill
22301,noskill
22302,noskill
22303,noskill
22176,noskill
22177,noskill
22178,noskill
22179,noskill
22360,noskill
21817,noskill
22189,noskill
22100,noskill
22120,noskill
22121,noskill
14816,finding-percents
14824,mean
14774,symbolization-articulation
15472,symbolization-articulation
15473,symbolization-articulation
15474,symbolization-articulation
14833,proportion
15892,noskill
14820,equivalent-fractions-decimals-percents
14847,finding-percents
14830,integers
1160,n-number-sense-operations
4023,noskill
4021,noskill
2380,equation-solving
249,noskill
250,noskill
251,noskill
978,noskill
979,noskill
10776,fraction-decimals-percents
10771,fractions
10773,fraction-decimals-percents
10774,fraction-decimals-percents
10769,fractions
10775,fraction-decimals-percents
10772,fraction-decimals-percents
10777,fraction-decimals-percents
10770,fractions
10778,fraction-decimals-percents
10837,equation-concept
10838,equation-solving
10839,equation-concept
10840,equation-solving
10841,equation-concept
10842,equation-solving
10843,equation-concept
10844,equation-solving
3410,noskill
10271,noskill
10059,noskill
10235,noskill
10242,noskill
10231,noskill
10154,noskill
10363,noskill
10048,noskill
3363,noskill
3358,noskill
3359,noskill
3360,noskill
4473,equivalent-fractions-decimals-percents
4469,equivalent-fractions-decimals-percents
4470,equivalent-fractions-decimals-percents
4471,equivalent-fractions-decimals-percents
4472,equivalent-fractions-decimals-percents
8861,noskill
2740,interpreting-linear-equations
2744,interpreting-linear-equations
2741,interpreting-linear-equations
2742,interpreting-linear-equations
2743,interpreting-linear-equations
2081,probability
2082,probability
2083,probability
4515,noskill
4516,noskill
9774,noskill
9773,noskill
9772,point-plotting
3437,noskill
10711,sum-of-interior-angles-triangle
10716,transversals
10709,sum-of-interior-angles-triangle
10712,sum-of-interior-angles-triangle
10713,sum-of-interior-angles-triangle
10717,sum-of-interior-angles-triangle
10710,sum-of-interior-angles-triangle
10715,transversals
10714,sum-of-interior-angles-triangle
998,graph-shape
999,graph-shape
1000,graph-shape
1001,graph-shape
1097,reading-graph
1098,reading-graph
1099,reading-graph
9681,evaluating-functions
9682,evaluating-functions
9683,evaluating-functions
3520,equation-solving
3521,equation-solving
9183,percents
9179,percent-of
12449,area-concept
12450,area-concept
8794,noskill
8800,noskill
8820,noskill
8840,noskill
8841,noskill
21818,noskill
21819,noskill
21840,noskill
22122,noskill
9881,noskill
9885,noskill
9886,noskill
10577,rate-with-distance-and-time
10578,rate-with-distance-and-time
10579,rate-with-distance-and-time
9892,noskill
9893,noskill
9895,noskill
9902,noskill
9653,rate
9654,rate
4059,proportion
8983,similar-triangles
8984,proportion
8985,proportion
8986,proportion
9162,noskill
2200,median
2197,stem-and-leaf-plot
2198,median
2199,median
2085,probability
2086,probability
2087,probability
1064,n-number-sense-operations
1065,n-number-sense-operations
1066,n-number-sense-operations
1067,n-number-sense-operations
1068,n-number-sense-operations
4487,probability
4488,probability
4489,probability
579,subtraction
580,subtraction
581,subtraction
582,subtraction
583,pattern-finding
584,pattern-finding
585,pattern-finding
9066,noskill
9067,noskill
9068,noskill
9069,noskill
9070,noskill
8883,noskill
8884,noskill
8885,noskill
8886,noskill
4009,noskill
4010,noskill
4011,noskill
4676,circle-graph
4677,circle-graph
4678,circle-graph
4679,circle-graph
826,proportion
425,sum-of-interior-angles-more-than-3-sides
422,sum-of-interior-angles-more-than-3-sides
418,sum-of-interior-angles-more-than-3-sides
419,sum-of-interior-angles-more-than-3-sides
420,sum-of-interior-angles-more-than-3-sides
421,sum-of-interior-angles-more-than-3-sides
3408,noskill
3409,noskill
10272,noskill
10273,noskill
10151,noskill
10152,noskill
10153,noskill
9163,noskill
9164,noskill
9165,noskill
9166,noskill
9145,noskill
22426,noskill
22427,noskill
22428,noskill
22429,noskill
22430,noskill
22104,noskill
22105,noskill
22106,noskill
22107,noskill
22280,noskill
22281,noskill
22282,noskill
22283,noskill
22183,noskill
22184,noskill
22185,noskill
22187,noskill
22188,noskill
21833,noskill
21834,noskill
21835,noskill
21836,noskill
21837,noskill
22431,noskill
22432,noskill
22433,noskill
22437,noskill
22001,noskill
22340,noskill
22341,noskill
22342,noskill
22343,noskill
22344,noskill
1161,n-number-sense-operations
10236,noskill
10237,noskill
10238,noskill
10232,noskill
10233,noskill
10234,noskill
10155,noskill
10156,noskill
10157,noskill
10049,noskill
10050,noskill
10051,noskill
10364,noskill
10365,noskill
9715,noskill
9714,noskill
2737,interpreting-linear-equations
2738,interpreting-linear-equations
2739,interpreting-linear-equations
8862,noskill
8863,noskill
8864,noskill
1162,n-number-sense-operations
104050621,addition
104050221,noskill
9104050600,finding-percents
104050601,finding-percents
104050603,finding-percents
104050602,finding-percents
9104050504,square-root
9104050463,square-root
9104051368,point-plotting
9104050870,mean
9104050875,scientific-notation
9104050269,area
9104051212,triangle-inequality
104051380,transformations-rotations
104050522,order-of-operations
9104051066,square-root
9104051177,pythagorean-theorem
104051112,equivalent-fractions-decimals-percents
104051384,noskill
104051386,noskill
9104050333,inducing-functions
9104051353,addition
9104051074,reading-graph
9104051293,addition
104051257,noskill
104051258,noskill
104050152,pattern-finding
104050153,pattern-finding
104050154,pattern-finding
104050155,pattern-finding
9104050543,proportion
9104050559,multiplication
9104050312,inducing-functions
9104051375,subtraction
9104050583,scientific-notation
9104050960,multiplication
9104051284,division
104051391,area
9104050086,pattern-finding
9104050007,symbolization-articulation
9104050429,integers
9104051208,reading-graph
9104050748,probability
9104050929,statistics
9104050834,probability
9104050973,equation-solving
9104051400,congruence
104050940,median
9104051160,multiplying-decimals
9104051201,discount
9104050811,probability
104051443,area
9104050579,ordering-numbers
9104051308,substitution
9104050655,multiplying-decimals
9104050733,probability
9104050082,pattern-finding
104050420,rounding
104050421,percent-of
104050422,rounding
9104051327,multiplication
9104051372,addition
104050613,equation-solving
9104050338,algebraic-manipulation
104050604,finding-percents
104050605,finding-percents
9104050078,interpreting-numberline
104051441,noskill
104051399,noskill
9104051225,properties-of-geometric-figures
9104050955,addition
9104050426,equivalent-fractions-decimals-percents
9104051231,area
9104050961,multiplication
9104050661,multiplying-decimals
9104051408,substitution
9104050474,interpreting-numberline
9104050728,discount
9104050414,multiplying-decimals
9104050485,multiplication
9104051297,multiplication
104050631,percents
9104050966,multiplication
104050057,noskill
104050010,noskill
9104050649,reading-graph
104050879,scientific-notation
9104050434,area
9104050724,inducing-functions
9104050622,equation-solving
9104050329,inducing-functions
9104050653,linear-area-volume-conversion
9104050517,order-of-operations
9104051432,algebraic-manipulation
9104050958,division
9104050953,addition
104050204,interpreting-numberline
104050454,noskill
104050455,noskill
9104050963,multiplication
8702,noskill
8701,noskill
8700,noskill
8856,noskill
8855,noskill
8854,noskill
8853,noskill
8974,noskill
4506,noskill
4505,noskill
4504,noskill
3412,noskill
3411,noskill
9057,noskill
9058,noskill
9059,noskill
9063,noskill
9180,percent-of
9181,percent-of
14822,interpreting-linear-equations
14773,similar-triangles
14827,point-plotting
15897,point-plotting
20763,point-plotting
20764,point-plotting
20765,point-plotting
14825,square-root
14840,mean
14729,least-common-multiple
14761,fraction-multiplication
14730,inducing-functions
14845,order-of-operations
14819,prime-number
12251,fractions
12252,fraction-decimals-percents
12275,fraction-decimals-percents
12274,fraction-decimals-percents
12276,integers
12277,fraction-decimals-percents
12291,noskill
12292,integers
12293,fractions
12294,integers
12295,integers
12296,adding-decimals
12297,integers
12298,integers
12299,integers
12301,integers
9898,noskill
9899,noskill
9900,noskill
9837,noskill
10367,noskill
10368,noskill
10369,noskill
10370,noskill
10371,noskill
4469,noskill
3361,noskill
3362,noskill
8611,noskill
8612,noskill
8613,noskill
8614,noskill
8621,noskill
3004,noskill
2963,noskill
9272,noskill
9251,noskill
8262,noskill
2985,noskill
2049,noskill
2032,noskill
2009,noskill
3002,noskill
8324,noskill
2844,noskill
9265,noskill
9264,noskill
2796,noskill
3045,noskill
8542,noskill
8606,noskill
8608,noskill
8609,noskill
8610,noskill
3017,noskill
8177,noskill
9271,noskill
9273,noskill
8288,noskill
8675,noskill
9258,noskill
9254,noskill
8441,noskill
8222,noskill
2007,noskill
2002,noskill
2975,noskill
3433,noskill
3434,noskill
3435,noskill
3436,noskill
9087,noskill
9088,noskill
9089,noskill
22180,noskill
22181,noskill
22182,noskill
22186,noskill
22422,noskill
22423,noskill
22424,noskill
22425,noskill
22434,noskill
22435,noskill
22436,noskill
22346,noskill
22347,noskill
22167,noskill
22168,noskill
22169,noskill
22170,noskill
22171,noskill
22088,noskill
22145,noskill
22146,noskill
22147,noskill
22148,noskill
21707,noskill
21708,noskill
21709,noskill
21832,noskill
22108,noskill
22109,noskill
22110,noskill
22111,noskill
22112,noskill
14831,pythagorean-theorem
14842,symbolization-articulation
15789,probability
15790,probability
14750,order-of-operations
14817,exponents
14818,integers
22553,proportion
22552,proportion
22529,proportion
15889,square-root
15890,square-root
15891,square-root
14846,integers
14815,finding-percents
15508,finding-percents
15509,finding-percents
14844,symbolization-articulation
14829,measurement
14832,rate
15469,similar-triangles
15470,similar-triangles
15471,similar-triangles
15620,interpreting-linear-equations
15621,interpreting-linear-equations
14760,fractions
14772,exponents
14843,congruence
22480,congruence
22481,congruence
22520,congruence
14929,area
14930,area
14812,ordering-numbers
15475,ordering-numbers
15476,ordering-numbers
15477,ordering-numbers
14813,rounding
14814,finding-percents
15478,finding-percents
15507,finding-percents
14849,noskill
22685,noskill
14837,circumference
22566,circumference
22567,circumference
14838,area-of-circle
14839,area-of-circle
22665,area-of-circle
22533,area-of-circle
22645,area-of-circle
14834,pattern-finding
14835,symbolization-articulation
22759,symbolization-articulation
22760,symbolization-articulation
22761,symbolization-articulation
14836,order-of-operations
8560,noskill
8582,noskill
8583,noskill
8584,noskill
8585,noskill
8586,noskill
12302,integers
12303,equation-solving
12309,equation-solving
12310,equation-solving
12311,integers
12312,integers
12314,integers
12315,integers
12333,algebraic-manipulation
12414,finding-percents
12415,rate
12416,finding-percents
12417,finding-percents
12418,comparing-fractions
12419,noskill
12420,noskill
12421,noskill
13084,noskill
13085,noskill
13086,noskill
13087,noskill
13088,noskill
13089,noskill
13090,noskill
4046,noskill
8847,noskill
22568,rate
22569,rate
4223,noskill
4221,noskill
4222,noskill
992,noskill
993,noskill
994,noskill
995,noskill
996,noskill
612,noskill
604,pattern-finding
605,pattern-finding
606,pattern-finding
607,pattern-finding
608,pattern-finding
609,pattern-finding
610,pattern-finding
611,pattern-finding
2145,equivalent-fractions-decimals-percents
2142,probability
2143,probability
2144,probability
859,noskill
857,fraction-division
858,fraction-division
647,inducing-functions
557,graph interpretation
558,number-line
554,equation-solving
555,algebra symbolization
556,inequalities
510,interpreting-numberline
506,inequality-solving
507,inequality-solving
508,inequality-solving
509,interpreting-numberline
2038,noskill
2039,noskill
21654,noskill
21655,noskill
21656,noskill
4547,noskill
4548,noskill
4549,noskill
4816,noskill
4814,noskill
4815,noskill
8530,noskill
8531,noskill
8532,noskill
8533,noskill
8534,noskill
9157,noskill
9158,noskill
9159,noskill
9160,noskill
9161,noskill
22686,noskill
22687,noskill
22646,noskill
9713,noskill
8549,noskill
8893,noskill
4097,noskill
4094,noskill
4095,noskill
4096,noskill
8190,noskill
4567,noskill
4400,symbolization-articulation
4396,symbolization-articulation
4397,symbolization-articulation
4398,symbolization-articulation
4399,symbolization-articulation
14499,noskill
14500,noskill
10034,noskill
10032,noskill
10040,noskill
10042,noskill
10041,noskill
10043,noskill
9253,noskill
9260,noskill
2793,noskill
2989,noskill
4053,transformations-rotations
4054,transformations-rotations
2973,noskill
2913,noskill
8183,noskill
4533,noskill
4534,noskill
476,noskill
477,noskill
8879,noskill
8880,noskill
8881,noskill
4134,noskill
4428,noskill
4429,noskill
4556,noskill
4557,noskill
4558,noskill
22555,noskill
22556,noskill
22557,noskill
22558,noskill
8783,noskill
8789,noskill
8790,noskill
8791,noskill
8792,noskill
13091,noskill
13092,noskill
13095,noskill
13096,noskill
13099,noskill
13100,noskill
13101,noskill
13103,noskill
13106,noskill
14565,noskill
14566,noskill
14562,noskill
14564,point-plotting
13107,noskill
13108,noskill
14502,noskill
14503,noskill
14501,noskill
14504,noskill
14509,noskill
14510,noskill
14511,noskill
14621,noskill
10035,noskill
10033,noskill
9090,percent-of
10306,noskill
10309,noskill
10316,noskill
10307,noskill
10469,noskill
10304,noskill
10303,noskill
10310,noskill
10302,noskill
10308,noskill
10318,noskill
10315,noskill
10311,noskill
10305,noskill
10314,noskill
10313,noskill
10312,noskill
10317,noskill
10470,noskill
10319,noskill
4000,noskill
4001,noskill
4002,noskill
9091,subtraction
9092,percent-of
9146,noskill
9147,noskill
9148,noskill
9149,noskill
9150,noskill
8848,noskill
8849,noskill
12843,noskill
12844,noskill
12845,noskill
12846,noskill
13109,noskill
13111,noskill
13116,noskill
4076,reading-graph
4073,reading-graph
4074,reading-graph
4075,reading-graph
4081,noskill
4082,noskill
4083,noskill
12430,noskill
12339,evaluating-functions
12334,pattern-finding
12337,noskill
12335,slope
12372,pattern-finding
12373,pattern-finding
12374,symbolization-articulation
4902,symbolization-articulation
14805,noskill
14806,noskill
14807,noskill
14808,noskill
14809,noskill
14810,noskill
4568,noskill
4569,noskill
4570,noskill
4571,noskill
22682,area-of-circle
22683,area-of-circle
22684,area-of-circle
